{
  "SearchAll-2" : {
    "transaction" : "SearchAll-2",
    "sampleCount" : 438,
    "errorCount" : 113,
    "errorPct" : 25.799088,
    "meanResTime" : 485302.06621004577,
    "medianResTime" : 2287.5,
    "minResTime" : 940.0,
    "maxResTime" : 3635730.0,
    "pct1ResTime" : 3633752.7,
    "pct2ResTime" : 3634279.1,
    "pct3ResTime" : 3634814.74,
    "throughput" : 0.12034699500697353,
    "receivedKBytesPerSec" : 6.943071097322801,
    "sentKBytesPerSec" : 0.018487594436671653
  },
  "Categories" : {
    "transaction" : "Categories",
    "sampleCount" : 486,
    "errorCount" : 50,
    "errorPct" : 10.288066,
    "meanResTime" : 3888.04732510288,
    "medianResTime" : 2666.5,
    "minResTime" : 15.0,
    "maxResTime" : 314053.0,
    "pct1ResTime" : 4418.3,
    "pct2ResTime" : 5209.9,
    "pct3ResTime" : 5906.989999999997,
    "throughput" : 0.7762635846127307,
    "receivedKBytesPerSec" : 48.6418285404847,
    "sentKBytesPerSec" : 0.3850870341619867
  },
  "SearchAll-1" : {
    "transaction" : "SearchAll-1",
    "sampleCount" : 560,
    "errorCount" : 122,
    "errorPct" : 21.785715,
    "meanResTime" : 475743.62321428565,
    "medianResTime" : 277.5,
    "minResTime" : 230.0,
    "maxResTime" : 3637686.0,
    "pct1ResTime" : 3633081.8,
    "pct2ResTime" : 3633933.45,
    "pct3ResTime" : 3634898.65,
    "throughput" : 0.15373288143186806,
    "receivedKBytesPerSec" : 0.18789973551767628,
    "sentKBytesPerSec" : 0.02090128063608078
  },
  "Categories-0" : {
    "transaction" : "Categories-0",
    "sampleCount" : 484,
    "errorCount" : 0,
    "errorPct" : 0.0,
    "meanResTime" : 544.6652892561983,
    "medianResTime" : 352.0,
    "minResTime" : 229.0,
    "maxResTime" : 2077.0,
    "pct1ResTime" : 1198.0,
    "pct2ResTime" : 1416.0,
    "pct3ResTime" : 1996.1999999999998,
    "throughput" : 1.5216249948912384,
    "receivedKBytesPerSec" : 1.1562809964285825,
    "sentKBytesPerSec" : 0.21695043872472733
  },
  "SearchAll-0" : {
    "transaction" : "SearchAll-0",
    "sampleCount" : 560,
    "errorCount" : 0,
    "errorPct" : 0.0,
    "meanResTime" : 1823.5339285714274,
    "medianResTime" : 799.5,
    "minResTime" : 458.0,
    "maxResTime" : 9904.0,
    "pct1ResTime" : 3849.8,
    "pct2ResTime" : 4063.6499999999996,
    "pct3ResTime" : 8041.47999999997,
    "throughput" : 1.727275531291447,
    "receivedKBytesPerSec" : 1.2970591013540607,
    "sentKBytesPerSec" : 0.24964529163196694
  },
  "Login" : {
    "transaction" : "Login",
    "sampleCount" : 487,
    "errorCount" : 4,
    "errorPct" : 0.8213552,
    "meanResTime" : 9755.310061601642,
    "medianResTime" : 2296.0,
    "minResTime" : 713.0,
    "maxResTime" : 3631785.0,
    "pct1ResTime" : 3912.0,
    "pct2ResTime" : 4256.599999999999,
    "pct3ResTime" : 4864.56,
    "throughput" : 0.1340399191246615,
    "receivedKBytesPerSec" : 5.2497972026942294,
    "sentKBytesPerSec" : 0.18142485612383527
  },
  "Login-0" : {
    "transaction" : "Login-0",
    "sampleCount" : 484,
    "errorCount" : 0,
    "errorPct" : 0.0,
    "meanResTime" : 665.1363636363636,
    "medianResTime" : 589.5,
    "minResTime" : 230.0,
    "maxResTime" : 3839.0,
    "pct1ResTime" : 1094.0,
    "pct2ResTime" : 1577.75,
    "pct3ResTime" : 1984.8999999999994,
    "throughput" : 1.542359108363474,
    "receivedKBytesPerSec" : 1.0351086363346664,
    "sentKBytesPerSec" : 1.5529025788308026
  },
  "Login-1" : {
    "transaction" : "Login-1",
    "sampleCount" : 484,
    "errorCount" : 0,
    "errorPct" : 0.0,
    "meanResTime" : 384.56611570247935,
    "medianResTime" : 337.0,
    "minResTime" : 229.0,
    "maxResTime" : 1372.0,
    "pct1ResTime" : 623.5,
    "pct2ResTime" : 745.0,
    "pct3ResTime" : 1205.0499999999997,
    "throughput" : 1.540944879382858,
    "receivedKBytesPerSec" : 0.947283626983091,
    "sentKBytesPerSec" : 0.24829678232243316
  },
  "Login-2" : {
    "transaction" : "Login-2",
    "sampleCount" : 484,
    "errorCount" : 1,
    "errorPct" : 0.20661157,
    "meanResTime" : 1255.896694214876,
    "medianResTime" : 1022.5,
    "minResTime" : 250.0,
    "maxResTime" : 4621.0,
    "pct1ResTime" : 2589.5,
    "pct2ResTime" : 2968.25,
    "pct3ResTime" : 4104.05,
    "throughput" : 1.5362445802941718,
    "receivedKBytesPerSec" : 58.542927859192396,
    "sentKBytesPerSec" : 0.297930696999562
  },
  "/Default-0" : {
    "transaction" : "/Default-0",
    "sampleCount" : 1337,
    "errorCount" : 0,
    "errorPct" : 0.0,
    "meanResTime" : 4800.673148840678,
    "medianResTime" : 6086.0,
    "minResTime" : 463.0,
    "maxResTime" : 13549.0,
    "pct1ResTime" : 9810.4,
    "pct2ResTime" : 9917.2,
    "pct3ResTime" : 13539.619999999999,
    "throughput" : 84.36395759717315,
    "receivedKBytesPerSec" : 62.38138043838339,
    "sentKBytesPerSec" : 11.286974795715548
  },
  "/Default" : {
    "transaction" : "/Default",
    "sampleCount" : 2000,
    "errorCount" : 1502,
    "errorPct" : 75.1,
    "meanResTime" : 2183073.695000005,
    "medianResTime" : 3644543.5,
    "minResTime" : 2488.0,
    "maxResTime" : 3647187.0,
    "pct1ResTime" : 3645371.9,
    "pct2ResTime" : 3645522.0,
    "pct3ResTime" : 3646803.67,
    "throughput" : 0.54831159780467,
    "receivedKBytesPerSec" : 7.5793216579345755,
    "sentKBytesPerSec" : 0.1238587172531179
  },
  "/Default-2" : {
    "transaction" : "/Default-2",
    "sampleCount" : 1074,
    "errorCount" : 576,
    "errorPct" : 53.631287,
    "meanResTime" : 1891218.147113595,
    "medianResTime" : 3633891.0,
    "minResTime" : 394.0,
    "maxResTime" : 3646048.0,
    "pct1ResTime" : 3638827.5,
    "pct2ResTime" : 3639384.25,
    "pct3ResTime" : 3644144.75,
    "throughput" : 0.29453578527518526,
    "receivedKBytesPerSec" : 6.467531288342443,
    "sentKBytesPerSec" : 0.026807679958896626
  },
  "/Default-1" : {
    "transaction" : "/Default-1",
    "sampleCount" : 1337,
    "errorCount" : 263,
    "errorPct" : 19.670904,
    "meanResTime" : 277353.64472700044,
    "medianResTime" : 3971.0,
    "minResTime" : 252.0,
    "maxResTime" : 3636973.0,
    "pct1ResTime" : 103367.2,
    "pct2ResTime" : 3634552.5,
    "pct3ResTime" : 3635394.54,
    "throughput" : 0.3665967564549957,
    "receivedKBytesPerSec" : 0.38918478774609894,
    "sentKBytesPerSec" : 0.048026175851556004
  },
  "Total" : {
    "transaction" : "Total",
    "sampleCount" : 12001,
    "errorCount" : 3175,
    "errorPct" : 26.45613,
    "meanResTime" : 706939.1315723695,
    "medianResTime" : 3167.0,
    "minResTime" : 15.0,
    "maxResTime" : 3647187.0,
    "pct1ResTime" : 3643821.0,
    "pct2ResTime" : 3645019.9,
    "pct3ResTime" : 3645489.98,
    "throughput" : 3.290143742626922,
    "receivedKBytesPerSec" : 56.49674193248584,
    "sentKBytesPerSec" : 0.8643564751213207
  },
  "SearchAll" : {
    "transaction" : "SearchAll",
    "sampleCount" : 821,
    "errorCount" : 496,
    "errorPct" : 60.414127,
    "meanResTime" : 1485718.3641900113,
    "medianResTime" : 8024.0,
    "minResTime" : 573.0,
    "maxResTime" : 3643022.0,
    "pct1ResTime" : 3637629.4,
    "pct2ResTime" : 3641138.8,
    "pct3ResTime" : 3642628.64,
    "throughput" : 0.22525086938330374,
    "receivedKBytesPerSec" : 7.413608249367254,
    "sentKBytesPerSec" : 0.061555595947679245
  },
  "Categories-2" : {
    "transaction" : "Categories-2",
    "sampleCount" : 481,
    "errorCount" : 45,
    "errorPct" : 9.35551,
    "meanResTime" : 2898.5343035343035,
    "medianResTime" : 1360.0,
    "minResTime" : 21.0,
    "maxResTime" : 312370.0,
    "pct1ResTime" : 3048.4,
    "pct2ResTime" : 4166.4,
    "pct3ResTime" : 4718.9400000000005,
    "throughput" : 0.7696221651183554,
    "receivedKBytesPerSec" : 47.573821688564635,
    "sentKBytesPerSec" : 0.14306662031866518
  },
  "Categories-1" : {
    "transaction" : "Categories-1",
    "sampleCount" : 484,
    "errorCount" : 3,
    "errorPct" : 0.6198347,
    "meanResTime" : 478.66735537190056,
    "medianResTime" : 278.5,
    "minResTime" : 216.0,
    "maxResTime" : 2043.0,
    "pct1ResTime" : 1147.0,